"Model Name","Pruning Method","Structure","Requested ratio","Actual sparsity","Precision (P)","Recall (R)","F1","mAP@0.5","mAP@0.5:0.95","Accuracy baseline","Accuracy post-prune","Fine-tuning","Repeated runs","Source result.json"
"lenet5","Block Pruning","Block / patterned","0.1","0.09757799486787017","NR","NR","NR","N/A","N/A","N/A","N/A","No","1","artifacts/artifacts/lenet5_block_sparse_smoke_20261005T103435654242Z/result.json"
"lenet5","Channel Pruning","Structured","0.3","0","0.00014473874656245476","0.02127659574468085","0.0002875215641173088","N/A","N/A","0.01","0.005","No","1","artifacts/artifacts/lenet5_custom_47labels_sensitivity_prune_benchmark_20261004T122118813550Z/result.json"
"lenet5","Magnitude Pruning","Unstructured","0.3","0.13918143406697359","0.0004265984109209193","0.0425531914893617","0.0008447076140773451","N/A","N/A","0.01","0.01","No","1","artifacts/artifacts/lenet5_custom_47labels_magnitude_20261004T173606779376Z/result.json"
"lenet5_emnist_onnx","Block Pruning","Block / patterned","0.1","0.09349123375121432","0.9032808868228143","0.884691136286881","0.8679611122360283","N/A","N/A","0.84","0.845","No","1","artifacts/artifacts/lenet5_custom_47labels_block_sparse_20261005T105713722145Z/result.json"
"lenet5_emnist_onnx","Block Pruning","Block / patterned","0.3","0.28047370125364296","0.8984098713135008","0.8781630898652174","0.8608845494714078","N/A","N/A","0.84","0.83","No","1","artifacts/artifacts/lenet5_custom_47labels_block_sparse_20261004T175924678135Z/result.json"
"lenet5_emnist_onnx","Block Pruning","Block / patterned","0.3","0.28047370125364296","0.8984098713135008","0.8781630898652174","0.8608845494714078","N/A","N/A","0.84","0.83","No","1","artifacts/artifacts/lenet5_custom_47labels_block_sparse_20261005T105719478440Z/result.json"
"lenet5_emnist_onnx","Block Pruning","Block / patterned","0.5","0.4674561687560716","0.8918929839455496","0.8730051272604464","0.8531936588017937","N/A","N/A","0.84","0.83","No","1","artifacts/artifacts/lenet5_custom_47labels_block_sparse_20261005T105725428890Z/result.json"
"lenet5_emnist_onnx","Block Pruning","Block / patterned","0.7","0.6544386362585003","0.7602024852494188","0.7409927542906266","0.7204023557215047","N/A","N/A","0.84","0.75","No","1","artifacts/artifacts/lenet5_custom_47labels_block_sparse_20261005T105731343978Z/result.json"
"lenet5_emnist_onnx","Channel Pruning","Structured","0.3","0","0.7538109054066502","0.7769035338184276","0.7357077681498153","N/A","N/A","0.84","0.76","No","1","artifacts/artifacts/lenet5_custom_47labels_sensitivity_prune_benchmark_20261004T174711335706Z/result.json"
"lenet5_emnist_onnx","Filter Pruning (L1)","Structured","0.3","0","0.8945843823816289","0.8751650241011942","0.8572225277802709","N/A","N/A","0.84","0.835","No","1","artifacts/artifacts/lenet5_custom_47labels_filter_20261004T175901449090Z/result.json"
"lenet5_emnist_onnx","Filter Pruning (L1)","Structured","0.3","0","0.8945843823816289","0.8751650241011942","0.8572225277802709","N/A","N/A","0.84","0.835","No","1","artifacts/artifacts/lenet5_custom_47labels_filter_20261005T105832810978Z/result.json"
"lenet5_emnist_onnx","GraSP","Unstructured","0.01","0.009344497386316325","0.16412304236600733","0.11876285652881398","0.1034787815597013","N/A","N/A","0.84","0.235","No","1","artifacts/lenet5_comparison_grasp_01_20261006T045953487963Z/result.json"
"lenet5_emnist_onnx","GraSP","Unstructured","0.05","0.04675332685694901","0.0016523391153070656","0.023936170212765957","0.0029963826938961525","N/A","N/A","0.84","0.045","No","1","artifacts/lenet5_comparison_grasp_05_20261006T045954004014Z/result.json"
"lenet5_emnist_onnx","GraSP","Unstructured","0.1","0.09349123375121432","0.0022654721449902175","0.026595744680851064","0.004167407061024082","N/A","N/A","0.84","0.05","No","1","artifacts/lenet5_comparison_grasp_10_20261006T045954470099Z/result.json"
"lenet5_emnist_onnx","GraSP","Unstructured","0.1","0.09349123375121432","0.0002127659574468085","0.02127659574468085","0.0004213187276174426","N/A","N/A","0.84","0.01","No","1","artifacts/artifacts/lenet5_custom_47labels_grasp_20261005T105601807827Z/result.json"
"lenet5_emnist_onnx","GraSP","Unstructured","0.1","0.09349123375121432","0.0002127659574468085","0.02127659574468085","0.0004213187276174426","N/A","N/A","0.84","0.01","No","1","artifacts/artifacts/lenet5_custom_47labels_grasp_diagnostic_10_20261005T114802308297Z/result.json"
"lenet5_emnist_onnx","GraSP","Unstructured","0.1","0.09349123375121432","0.0024968199865720853","0.031914893617021274","0.004628940799153566","N/A","N/A","0.84","0.06","No","1","artifacts/lenet5_custom_47labels_grasp_reference_10_20261006T040553814313Z/result.json"
"lenet5_emnist_onnx","GraSP","Unstructured","0.1","0.09349123375121432","0.0022654721449902175","0.026595744680851064","0.004167407061024082","N/A","N/A","0.84","0.05","No","1","artifacts/lenet5_guarded_comparison_grasp_10_20261006T092239511272Z/result.json"
"lenet5_emnist_onnx","GraSP","Unstructured","0.3","0.28047370125364296","0.0002127659574468085","0.02127659574468085","0.0004213187276174426","N/A","N/A","0.84","0.01","No","1","artifacts/artifacts/lenet5_custom_47labels_grasp_20261004T175521588101Z/result.json"
"lenet5_emnist_onnx","GraSP","Unstructured","0.3","0.28047370125364296","0.0002127659574468085","0.02127659574468085","0.0004213187276174426","N/A","N/A","0.84","0.01","No","1","artifacts/artifacts/lenet5_custom_47labels_grasp_20261005T105608022603Z/result.json"
"lenet5_emnist_onnx","GraSP","Unstructured","0.3","0.28047370125364296","0.0010012515644555694","0.02127659574468085","0.0019125029882859192","N/A","N/A","0.84","0.04","No","1","artifacts/lenet5_custom_47labels_grasp_pure_30_20261006T100455443769Z/result.json"
"lenet5_emnist_onnx","GraSP","Unstructured","0.3","0.28047370125364296","0.0009250693802035152","0.02127659574468085","0.0017730496453900709","N/A","N/A","0.84","0.04","No","1","artifacts/lenet5_custom_47labels_grasp_reference_20261006T040300687515Z/result.json"
"lenet5_emnist_onnx","GraSP","Unstructured","0.3","0.28047370125364296","0.0010012515644555694","0.02127659574468085","0.0019125029882859192","N/A","N/A","0.84","0.04","No","1","artifacts/lenet5_guarded_comparison_grasp_30_20261006T092242368035Z/result.json"
"lenet5_emnist_onnx","GraSP","Unstructured","0.5","0.4674561687560716","0.0002127659574468085","0.02127659574468085","0.0004213187276174426","N/A","N/A","0.84","0.01","No","1","artifacts/artifacts/lenet5_custom_47labels_grasp_20261005T105614227642Z/result.json"
"lenet5_emnist_onnx","GraSP","Unstructured","0.7","0.6544386362585003","0.0002127659574468085","0.02127659574468085","0.0004213187276174426","N/A","N/A","0.84","0.01","No","1","artifacts/artifacts/lenet5_custom_47labels_grasp_20261005T105620438617Z/result.json"
"lenet5_emnist_onnx","grasp_conv1_capped","Unstructured","0.01","0.009344497386316325","0.25412912204557253","0.18180743606275523","0.17387852852958882","N/A","N/A","0.84","0.285","No","1","artifacts/lenet5_comparison_grasp_conv1_capped_01_20261006T045957389339Z/result.json"
"lenet5_emnist_onnx","grasp_conv1_capped","Unstructured","0.01","0.009344497386316325","0.0023070727288285035","0.0425531914893617","0.004330882867289288","N/A","N/A","0.84","0.025","No","1","artifacts/artifacts/lenet5_custom_47labels_grasp_conv1_capped_smoke_20261005T132435297346Z/result.json"
"lenet5_emnist_onnx","grasp_conv1_capped","Unstructured","0.03","0.028048912121632665","0.0023794536069495155","0.0425531914893617","0.004366170099652743","N/A","N/A","0.84","0.02","No","1","artifacts/artifacts/lenet5_custom_47labels_grasp_conv1_capped_smoke_20261005T132442661084Z/result.json"
"lenet5_emnist_onnx","grasp_conv1_capped","Unstructured","0.05","0.04675332685694901","0.0010638297872340426","0.02127659574468085","0.0020263424518743665","N/A","N/A","0.84","0.04","No","1","artifacts/lenet5_comparison_grasp_conv1_capped_05_20261006T045957978446Z/result.json"
"lenet5_emnist_onnx","grasp_conv1_capped","Unstructured","0.05","0.04675332685694901","0.001524341324091011","0.0425531914893617","0.002902714187389652","N/A","N/A","0.84","0.02","No","1","artifacts/artifacts/lenet5_custom_47labels_grasp_conv1_capped_smoke_20261005T132449864694Z/result.json"
"lenet5_emnist_onnx","grasp_conv1_capped","Unstructured","0.1","0.09349123375121432","0.002553191489361702","0.02925531914893617","0.004675878365485619","N/A","N/A","0.84","0.055","No","1","artifacts/lenet5_comparison_grasp_conv1_capped_10_20261006T045958454084Z/result.json"
"lenet5_emnist_onnx","grasp_conv1_capped","Unstructured","0.1","0.09349123375121432","0.0002127659574468085","0.02127659574468085","0.0004213187276174426","N/A","N/A","0.84","0.01","No","1","artifacts/artifacts/lenet5_custom_47labels_grasp_conv1_capped_smoke_20261005T132457161774Z/result.json"
"lenet5_emnist_onnx","grasp_layer_normalized","Unstructured","0.01","0.009344497386316325","0.6341776403119529","0.6051518221730987","0.5809809728583196","N/A","N/A","0.84","0.695","No","1","artifacts/lenet5_comparison_grasp_layer_normalized_01_20261006T045954966873Z/result.json"
"lenet5_emnist_onnx","grasp_layer_normalized","Unstructured","0.01","0.009344497386316325","0.5389431768342907","0.6198036596972768","0.5264754103956711","N/A","N/A","0.84","0.6","No","1","artifacts/artifacts/lenet5_custom_47labels_grasp_layer_normalized_smoke_20261005T132352606811Z/result.json"
"lenet5_emnist_onnx","grasp_layer_normalized","Unstructured","0.03","0.028048912121632665","0.09989565202331159","0.15656028368794325","0.09116917498971151","N/A","N/A","0.84","0.16","No","1","artifacts/artifacts/lenet5_custom_47labels_grasp_layer_normalized_smoke_20261005T132359883482Z/result.json"
"lenet5_emnist_onnx","grasp_layer_normalized","Unstructured","0.05","0.04675332685694901","0.11611001040607198","0.09115010285223052","0.059276977660076634","N/A","N/A","0.84","0.13","No","1","artifacts/lenet5_comparison_grasp_layer_normalized_05_20261006T045955411813Z/result.json"
"lenet5_emnist_onnx","grasp_layer_normalized","Unstructured","0.05","0.04675332685694901","0.04984565698851413","0.0927143778207608","0.030295789139818317","N/A","N/A","0.84","0.055","No","1","artifacts/artifacts/lenet5_custom_47labels_grasp_layer_normalized_smoke_20261005T132407169718Z/result.json"
"lenet5_emnist_onnx","grasp_layer_normalized","Unstructured","0.1","0.09349123375121432","0.022181982797645994","0.023210831721470017","0.005282964249529599","N/A","N/A","0.84","0.045","No","1","artifacts/lenet5_comparison_grasp_layer_normalized_10_20261006T045955903702Z/result.json"
"lenet5_emnist_onnx","grasp_layer_normalized","Unstructured","0.1","0.09349123375121432","0.0009671179883945841","0.0425531914893617","0.0018866867166047112","N/A","N/A","0.84","0.02","No","1","artifacts/artifacts/lenet5_custom_47labels_grasp_layer_normalized_smoke_20261005T132414704082Z/result.json"
"lenet5_emnist_onnx","grasp_magnitude_guarded","Unstructured","0.01","0.009344497386316325","0.9052292930265395","0.8820315618187958","0.866899702988874","N/A","N/A","0.84","0.84","No","1","artifacts/lenet5_guarded_comparison_grasp_magnitude_guarded_01_20261006T092242970023Z/result.json"
"lenet5_emnist_onnx","grasp_magnitude_guarded","Unstructured","0.05","0.04675332685694901","0.9052292930265395","0.8820315618187958","0.866899702988874","N/A","N/A","0.84","0.84","No","1","artifacts/lenet5_guarded_comparison_grasp_magnitude_guarded_05_20261006T092243492565Z/result.json"
"lenet5_emnist_onnx","grasp_magnitude_guarded","Unstructured","0.1","0.09349123375121432","0.8974746363357127","0.8762288538884283","0.8589158947591921","N/A","N/A","0.84","0.825","No","1","artifacts/lenet5_guarded_comparison_grasp_magnitude_guarded_10_20261006T092244013215Z/result.json"
"lenet5_emnist_onnx","grasp_magnitude_guarded","Unstructured","0.3","0.28047370125364296","0.8745870535937067","0.8554504006631665","0.8364947212310764","N/A","N/A","0.84","0.835","No","1","artifacts/lenet5_custom_47labels_grasp_magnitude_guarded_20261006T092309048612Z/result.json"
"lenet5_emnist_onnx","grasp_magnitude_guarded","Unstructured","0.3","0.28047370125364296","0.8745870535937067","0.8554504006631665","0.8364947212310764","N/A","N/A","0.84","0.835","No","1","artifacts/lenet5_guarded_comparison_grasp_magnitude_guarded_30_20261006T092244551376Z/result.json"
"lenet5_emnist_onnx","LAMP","Unstructured","0.1","0.09349123375121432","0.8999101440903693","0.8800973258420066","0.8627457009625316","N/A","N/A","0.84","0.835","No","1","artifacts/artifacts/lenet5_custom_47labels_lamp_20261005T105649592221Z/result.json"
"lenet5_emnist_onnx","LAMP","Unstructured","0.3","0.28047370125364296","0.8999101440903693","0.8808226643333026","0.86431151103898","N/A","N/A","0.84","0.835","No","1","artifacts/artifacts/lenet5_custom_47labels_lamp_20261004T175529188603Z/result.json"
"lenet5_emnist_onnx","LAMP","Unstructured","0.3","0.28047370125364296","0.8999101440903693","0.8808226643333026","0.86431151103898","N/A","N/A","0.84","0.835","No","1","artifacts/artifacts/lenet5_custom_47labels_lamp_20261005T105655275836Z/result.json"
"lenet5_emnist_onnx","LAMP","Unstructured","0.5","0.4674561687560716","0.9086142059859207","0.8952096957416107","0.8782597377531641","N/A","N/A","0.84","0.85","No","1","artifacts/artifacts/lenet5_custom_47labels_lamp_20261005T105700996686Z/result.json"
"lenet5_emnist_onnx","LAMP","Unstructured","0.7","0.6544386362585003","0.8651959221421048","0.8656320039298764","0.8404310077412703","N/A","N/A","0.84","0.835","No","1","artifacts/artifacts/lenet5_custom_47labels_lamp_20261005T105706835744Z/result.json"
"lenet5_emnist_onnx","Magnitude Pruning","Unstructured","0.01","0.009344497386316325","0.9052292930265395","0.8820315618187958","0.866899702988874","N/A","N/A","0.84","0.84","No","1","artifacts/lenet5_comparison_magnitude_01_20261006T045956536590Z/result.json"
"lenet5_emnist_onnx","Magnitude Pruning","Unstructured","0.05","0.04675332685694901","0.9052292930265395","0.8820315618187958","0.866899702988874","N/A","N/A","0.84","0.84","No","1","artifacts/lenet5_comparison_magnitude_05_20261006T045956795629Z/result.json"
"lenet5_emnist_onnx","Magnitude Pruning","Unstructured","0.1","0.09349123375121432","0.8994035584774008","0.8783242761966167","0.8595110324052825","N/A","N/A","0.84","0.83","No","1","artifacts/lenet5_comparison_magnitude_10_20261006T045957071748Z/result.json"
"lenet5_emnist_onnx","Magnitude Pruning","Unstructured","0.1","0.09349123375121432","0.8994035584774008","0.8783242761966167","0.8595110324052825","N/A","N/A","0.84","0.83","No","1","artifacts/lenet5_guarded_comparison_magnitude_10_20261006T092245162475Z/result.json"
"lenet5_emnist_onnx","Magnitude Pruning","Unstructured","0.3","0.28047370125364296","0.8984098713135008","0.8781630898652174","0.8608845494714078","N/A","N/A","0.84","0.83","No","1","artifacts/artifacts/lenet5_custom_47labels_magnitude_20261004T175510991100Z/result.json"
"lenet5_emnist_onnx","Magnitude Pruning","Unstructured","0.3","0.28047370125364296","0.8984098713135008","0.8781630898652174","0.8608845494714078","N/A","N/A","0.84","0.83","No","1","artifacts/artifacts/lenet5_custom_47labels_magnitude_20261005T104903515445Z/result.json"
"lenet5_emnist_onnx","Magnitude Pruning","Unstructured","0.3","0.28047370125364296","0.8975989800770777","0.8808226643333026","0.8628902891591185","N/A","N/A","0.84","0.835","No","1","artifacts/lenet5_guarded_comparison_magnitude_30_20261006T092245423573Z/result.json"
"lenet5_emnist_onnx","SNIP","Unstructured","0.1","0.09349123375121432","0.9052292930265395","0.8820315618187958","0.866899702988874","N/A","N/A","0.84","0.84","No","1","artifacts/artifacts/lenet5_custom_47labels_snip_20261005T105537115972Z/result.json"
"lenet5_emnist_onnx","SNIP","Unstructured","0.3","0.28047370125364296","0.9052292930265395","0.8820315618187958","0.866899702988874","N/A","N/A","0.84","0.84","No","1","artifacts/artifacts/lenet5_custom_47labels_snip_20261004T175517809910Z/result.json"
"lenet5_emnist_onnx","SNIP","Unstructured","0.3","0.28047370125364296","0.9052292930265395","0.8820315618187958","0.866899702988874","N/A","N/A","0.84","0.84","No","1","artifacts/artifacts/lenet5_custom_47labels_snip_20261005T105543092194Z/result.json"
"lenet5_emnist_onnx","SNIP","Unstructured","0.5","0.4674561687560716","0.9052292930265395","0.8820315618187958","0.866899702988874","N/A","N/A","0.84","0.84","No","1","artifacts/artifacts/lenet5_custom_47labels_snip_20261005T105549496193Z/result.json"
"lenet5_emnist_onnx","SNIP","Unstructured","0.7","0.6544386362585003","0.85947043500235","0.8184044088299407","0.8036023830056923","N/A","N/A","0.84","0.825","No","1","artifacts/artifacts/lenet5_custom_47labels_snip_20261005T105555518523Z/result.json"
"lenet5_emnist_onnx","SynFlow","Unstructured","0.1","0.09349123375121432","0.9047227074135711","0.8802585121734059","0.8636650344316248","N/A","N/A","0.84","0.835","No","1","artifacts/artifacts/lenet5_custom_47labels_synflow_20261005T105626496785Z/result.json"
"lenet5_emnist_onnx","SynFlow","Unstructured","0.3","0.28047370125364296","0.8984098713135008","0.8781630898652174","0.8608845494714078","N/A","N/A","0.84","0.83","No","1","artifacts/artifacts/lenet5_custom_47labels_synflow_20261004T175525444566Z/result.json"
"lenet5_emnist_onnx","SynFlow","Unstructured","0.3","0.28047370125364296","0.8984098713135008","0.8781630898652174","0.8608845494714078","N/A","N/A","0.84","0.83","No","1","artifacts/artifacts/lenet5_custom_47labels_synflow_20261005T105632215490Z/result.json"
"lenet5_emnist_onnx","SynFlow","Unstructured","0.5","0.4674561687560716","0.905340883563662","0.8843526449909429","0.8683236824424557","N/A","N/A","0.84","0.84","No","1","artifacts/artifacts/lenet5_custom_47labels_synflow_20261005T105637994653Z/result.json"
"lenet5_emnist_onnx","SynFlow","Unstructured","0.7","0.6544386362585003","0.8896678473946111","0.8712735255288447","0.856824476017819","N/A","N/A","0.84","0.85","No","1","artifacts/artifacts/lenet5_custom_47labels_synflow_20261005T105643786354Z/result.json"
"lenet5_emnist_onnx","Taylor-based Gradient Pruning","Structured","0.3","0","0.8269416857652152","0.8173114119922631","0.7987438615882065","N/A","N/A","0.84","0.795","No","1","artifacts/artifacts/lenet5_custom_47labels_taylor_20261004T175905273546Z/result.json"
"lenet5_emnist_onnx","Taylor-based Gradient Pruning","Structured","0.3","0","0.8945843823816289","0.8751650241011942","0.8572225277802709","N/A","N/A","0.84","0.835","No","1","artifacts/artifacts/lenet5_custom_47labels_taylor_20261005T105918933329Z/result.json"
"resnet18","Channel Pruning","Structured","0.3","0","NR","NR","NR","N/A","N/A","0.7","0.002","No","1","artifacts/artifacts/resnet18_imagenet1000_channel_20261005T140621875598Z/result.json"
"resnet18","Filter Pruning (L1)","Structured","0.3","0","NR","NR","NR","N/A","N/A","0.7","0","No","1","artifacts/artifacts/resnet18_imagenet1000_filter_20261005T140517089841Z/result.json"
"resnet18","Layer / Residual-block Pruning","Structured","0.25","0","NR","NR","NR","N/A","N/A","0.7","0.524","No","1","artifacts/artifacts/resnet18_imagenet1000_residual_block_20261005T073119777136Z/result.json"
"resnet18","N:M Block Pruning","Block / patterned","0.5","0.4772442168672225","NR","NR","NR","N/A","N/A","0.7","0.187","No","1","artifacts/artifacts/resnet18_imagenet1000_nm_2of4_20261005T070328534534Z/result.json"
"resnet18","Taylor-based Gradient Pruning","Structured","0.1","0","NR","NR","NR","N/A","N/A","0.7","0.289","No","1","artifacts/artifacts/resnet18_imagenet1000_taylor_sensitivity_20261005T144127316559Z/result.json"
"resnet18","Taylor-based Gradient Pruning","Structured","0.3","0","NR","NR","NR","N/A","N/A","0.7","0.001","No","1","artifacts/artifacts/resnet18_imagenet1000_taylor_20261005T140656976815Z/result.json"
"yolov5","Filter Pruning (L1)","Structured","0.1","0.0000031797245280217373","0.6070635353652825","0.4952040144615063","0.5280006325121622","0.528052022843548","0.38521925696144005","N/A","N/A","No","1","artifacts/artifacts/yolov5s_filter_channel_global_10_20261004T194857725304Z/result.json"
"yolov5","Layer / Residual-block Pruning","Structured","0.2","0.0000032527053669779978","0.5265492045993065","0.381155494068167","0.4168250481774288","0.40116206778050423","0.27432261627563675","N/A","N/A","No","1","artifacts/artifacts/yolov5s_depth_sensitivity_20261004T190600657310Z/result.json"
"yolov5","Taylor-based Gradient Pruning","Structured","0.1","0.0000026318365037367966","0.5163353979257456","0.26244222114619903","0.2736877429249881","0.2946586295114612","0.19070940901211433","N/A","N/A","No","1","artifacts/artifacts/yolov5s_taylor_channel_global_10_20261004T201756236853Z/result.json"
